JobRole,Total,Left,Avg_Income,Avg_Age,Attrition_Rate
Healthcare Representative,131,9,7528.763358778626,39.80916030534351,6.9
Human Resources,52,12,4235.75,35.5,23.1
Laboratory Technician,259,62,3237.169884169884,34.0965250965251,23.9
Manager,102,5,17181.676470588234,46.76470588235294,4.9
Manufacturing Director,145,10,7295.137931034483,38.296551724137935,6.9
Research Director,80,2,16033.55,44.0,2.5
Research Scientist,292,47,3239.972602739726,34.236301369863014,16.1
Sales Executive,326,57,6924.2791411042945,36.88957055214724,17.5
Sales Representative,83,33,2626.0,30.36144578313253,39.8
